{"cameraMode":{"drawMode":0,"name":"Shaded","section":"Shading Mode"},"sceneLighting":true,"audioPlay":false,"sceneViewState":{"showFog":true,"showMaterialUpdate":false,"showSkybox":true,"showFlares":true,"showImageEffects":true,"showParticleSystems":true},"in2DMode":false,"pivot":{"x":-9.977571487426758,"y":-1.1306037902832032,"z":-10.855457305908204},"rotation":{"x":-0.38445788621902468,"y":0.2978534400463104,"z":-0.1325906664133072,"w":-0.8636699914932251},"size":8.566385269165039,"orthographic":false}